<?xml version="1.0"?>
<plugin name="Estimate Petrophysical Rock Types"
        method="calculate_prt"
        language="python" dimension="multiwell_1d">
    <libname>carbonate_regression_lib</libname>
    <description>
        Multi-well calculation of PRTs
    </description>
    <!-- Iput logs -->
    <parameter name="Input logs: Depth, CMFF, CBP8, TCMR, DWSI, VSH, BFV">
        <log_collection allow_duplicate_log_types="false">
            <default log_types="Depth, Sat, Por, Por, Volume, Volume, Volume"/>
            <include log_types="Depth, Sat, Por, Volume"/>
        </log_collection>
    </parameter>
    <!-- Input parameters -->
    <!-- Working Interval -->
    <parameter name="Dummy">
        <working_intervals/>
    </parameter>
    <!-- Outputs -->
    <output name="PRT">
        <log_collection/>
    </output>
    <menu label="Calculate PRT"
          menu="Plugins/Carbonate Regression Models"
          view="well"/>
</plugin>
