<?xml version="1.0"?>
<plugin name="Run Multimin Regression Model Vp and Vs"
        method="calculate_carbonate_regression_mm"
        language="python" dimension="multiwell_1d">
    <libname>carbonate_regression_lib</libname>
    <description>
        RokDoc interface to run Carbonate Regression model for Vp and Vs with models based on Multimin input.

        The following inputs (with the names as written below unless explicitly stated) are required for the plugin:
        DEPT (all depth curves are accepted),
        CBP1, CBP2, CBP3, CBP4, CBP5, CBP6, CBP7, CBP8,
        RHOB, TCMR, PRT,
        SWT, CMFF, POTA, URAN, THOR,
        VOL_QUARTZ, VOL_CALCITE, VOL_DOLOM, VOL_SMECT, VOL_ORTHOCL

    </description>
    <!-- Iput logs -->
    <parameter name="Input logs">
        <log_collection allow_duplicate_log_types="false">
            <default log_types="Depth, Por, Por, Por, Por, Por, Por, Por, Por, Rho, Por, Facies, Sat, Sat, Gr, Gr, Gr, Volume, Volume, Volume, Volume, Volume"/>
            <include log_types="Depth, Por, Rho, Facies, Volume, Sat, Gr"/>
        </log_collection>
    </parameter>
    <!-- Input parameters -->
    <!-- Remove file input, this is set to fixed values for the time being
    <parameter name="Vp Regression model file:">
        <file>
            <default>opt_param.pkl</default>
            <path>.</path>
            <extension>pkl</extension>
        </file>
    </parameter>
    <parameter name="Vs Regression model file:">
        <file>
            <default>opt_param.pkl</default>
            <path>.</path>
            <extension>pkl</extension>
        </file>
    </parameter>
    -->
    <!-- Working Interval -->
    <parameter name="Dummy">
        <working_intervals/>
    </parameter>
    <!-- Outputs -->
    <output name="Vp_and_Vs">
        <log_collection/>
    </output>
    <menu label="Run Multimin Carbonate Regression Model" menu="Plugins/Carbonate Regression Models" view="well"/>
</plugin>
